,汉字
0,辱
1,徊
2,绅
3,拨
4,屑
5,宇
6,链
7,瞒
8,易
9,枝
10,间
11,旬
12,寓
13,贝
14,哈
15,缚
16,敢
17,薪
18,灶
19,地
20,续
21,跨
22,兆
23,俊
24,潜
25,舍
26,寂
27,琴
28,民
29,喇
30,熟
31,熄
32,演
33,唐
34,伦
35,起
36,值
37,抄
38,盼
39,挂
40,染
41,嗨
42,郎
43,熬
44,肿
45,役
46,饮
47,西
48,痕
49,费
50,疆
51,眨
52,胡
53,拥
54,耽
55,恳
56,片
57,奠
58,空
59,酌
60,苟
61,哇
62,血
63,雷
64,戴
65,霍
66,脚
67,歉
68,班
69,迁
70,浑
71,描
72,碑
73,谁
74,睛
75,呻
76,觉
77,打
78,贤
79,报
80,涛
81,喉
82,诉
83,所
84,极
85,卫
86,娶
87,嘈
88,曲
89,略
90,竹
91,挠
92,毫
93,桃
94,堤
95,蛋
96,盛
97,唇
98,摧
99,疑
100,筛
101,常
102,看
103,更
104,查
105,吼
106,哦
107,厨
108,释
109,赁
110,膜
111,偏
112,集
113,蠢
114,粹
115,威
116,叙
117,泊
118,俯
119,召
120,丐
121,达
122,屏
123,必
124,泄
125,继
126,廓
127,簸
128,振
129,亡
130,害
131,酷
132,牢
133,另
134,蚁
135,纯
136,八
137,锤
138,蓬
139,愉
140,围
141,掠
142,侄
143,钙
144,郊
145,倡
146,非
147,匙
148,抖
149,据
150,侈
151,赴
152,曾
153,赞
154,俐
155,乱
156,澄
157,鸽
158,浪
159,硬
160,昌
161,压
162,联
163,培
164,伸
165,做
166,宝
167,纽
168,财
169,现
170,私
171,痛
172,南
173,舶
174,隔
175,磁
176,撕
177,小
178,活
179,钻
180,颖
181,就
182,奇
183,尸
184,串
185,连
186,艰
187,畅
188,誉
189,覆
190,雀
191,绸
192,嗽
193,愁
194,肚
195,岂
196,颗
197,尾
198,跃
199,勿
200,叔
201,您
202,聪
203,里
204,吹
205,德
206,鄙
207,七
208,余
209,岁
210,之
211,录
212,唆
213,营
214,古
215,云
216,彼
217,悠
218,端
219,替
220,拐
221,砸
222,贬
223,边
224,依
225,暄
226,锈
227,辟
228,庇
229,米
230,课
231,帝
232,腿
233,宣
234,惕
235,结
236,揍
237,抵
238,鼓
239,完
240,算
241,嗓
242,尴
243,衫
244,与
245,迎
246,她
247,辜
248,衬
249,巢
250,迷
251,宪
252,盲
253,渺
254,第
255,瘾
256,宅
257,穴
258,攀
259,掐
260,周
261,济
262,傻
263,忘
264,雄
265,臂
266,今
267,辑
268,玉
269,系
270,津
271,躬
272,垃
273,柜
274,抢
275,丢
276,贫
277,缔
278,椒
279,图
280,说
281,阳
282,能
283,摆
284,坝
285,颠
286,类
287,革
288,冷
289,待
290,扣
291,忌
292,擅
293,沼
294,帅
295,凭
296,永
297,祖
298,掷
299,瞩
300,是
301,扬
302,绕
303,抽
304,眠
305,络
306,喻
307,棍
308,挽
309,宾
310,优
311,措
312,虚
313,声
314,袍
315,容
316,陈
317,稍
318,愿
319,幽
320,梨
321,奖
322,乏
323,拢
324,桶
325,再
326,舒
327,绩
328,魂
329,苦
330,右
331,社
332,在
333,赂
334,撇
335,热
336,兑
337,葡
338,杀
339,忆
340,造
341,豫
342,谐
343,恰
344,矮
345,副
346,禁
347,悄
348,隧
349,物
350,晶
351,愈
352,丧
353,映
354,蚀
355,沾
356,庭
357,赶
358,闲
359,雾
360,返
361,街
362,童
363,也
364,频
365,眼
366,透
367,像
368,市
369,昏
370,巡
371,认
372,福
373,咳
374,终
375,朋
376,乎
377,楼
378,疗
379,捡
380,照
381,怯
382,太
383,怒
384,众
385,啤
386,霞
387,浇
388,嫁
389,铃
390,溶
391,遗
392,属
393,剥
394,贼
395,帮
396,翼
397,掰
398,失
399,似
400,神
401,袜
402,力
403,胞
404,晰
405,肉
406,叭
407,三
408,刮
409,糖
410,条
411,径
412,敲
413,植
414,泡
415,下
416,详
417,翅
418,缩
419,崇
420,载
421,择
422,宁
423,州
424,义
425,腰
426,旦
427,惰
428,锲
429,辆
430,发
431,理
432,开
433,呀
434,遥
435,融
436,道
437,领
438,妒
439,始
440,瘤
441,方
442,忙
443,喧
444,巴
445,妻
446,羊
447,缝
448,呵
449,谎
450,董
451,丑
452,萎
453,监
454,盘
455,记
456,番
457,途
458,讨
459,嗯
460,羡
461,很
462,哥
463,诊
464,讲
465,日
466,群
467,去
468,封
469,每
470,截
471,蔬
472,猜
473,舆
474,惜
475,舌
476,校
477,恨
478,裁
479,斥
480,齐
481,昧
482,械
483,甘
484,蔓
485,厌
486,冠
487,淆
488,务
489,谦
490,搞
491,袋
492,泻
493,吊
494,肯
495,矿
496,趋
497,锁
498,坐
499,段
500,凄
501,伍
502,谋
503,消
504,难
505,约
506,字
507,讳
508,慈
509,阱
510,蹈
511,般
512,遇
513,厘
514,无
515,帜
516,责
517,涌
518,寝
519,药
520,狼
521,包
522,步
523,叠
524,尤
525,屁
526,跪
527,国
528,帖
529,弟
530,订
531,乐
532,暗
533,凑
534,瘦
535,钉
536,穿
537,汹
538,搁
539,氧
540,妈
541,问
542,偿
543,猫
544,凹
545,相
546,坡
547,讶
548,后
549,咽
550,板
551,煌
552,予
553,摇
554,儿
555,轨
556,履
557,议
558,逼
559,梯
560,骂
561,瓶
562,检
563,猎
564,瘫
565,琢
566,窜
567,习
568,辨
569,吟
570,柔
571,疾
572,守
573,婆
574,静
575,丘
576,衡
577,钓
578,词
579,栋
580,坏
581,睁
582,绣
583,宫
584,原
585,伴
586,铅
587,乒
588,十
589,饼
590,央
591,妥
592,产
593,靠
594,滥
595,爸
596,二
597,屋
598,册
599,阐
600,式
601,树
602,长
603,厉
604,伯
605,岔
606,价
607,骤
608,炭
609,了
610,伺
611,顽
612,傅
613,绒
614,果
615,欣
616,笔
617,沧
618,损
619,填
620,苍
621,强
622,橙
623,嵌
624,全
625,转
626,嫩
627,手
628,改
629,饱
630,愧
631,茂
632,针
633,贸
634,灌
635,免
636,等
637,唯
638,骨
639,墨
640,扰
641,兢
642,货
643,哺
644,尚
645,沙
646,拖
647,欢
648,楚
649,裹
650,殴
651,债
652,罩
653,澡
654,杯
655,飘
656,刹
657,煎
658,意
659,于
660,戏
661,评
662,黄
663,排
664,综
665,姑
666,铭
667,丽
668,仪
669,划
670,冰
671,掀
672,样
673,辖
674,儒
675,澈
676,席
677,遵
678,笑
679,虫
680,棉
681,困
682,东
683,储
684,柬
685,差
686,附
687,舰
688,冤
689,惯
690,披
691,正
692,案
693,受
694,龙
695,兼
696,瞻
697,嫉
698,特
699,膝
700,型
701,森
702,姻
703,衔
704,析
705,袱
706,救
707,撤
708,匹
709,多
710,牛
711,扶
712,秃
713,卡
714,博
715,际
716,别
717,蔽
718,死
719,妙
720,残
721,题
722,利
723,紫
724,准
725,临
726,御
727,存
728,怜
729,斯
730,碌
731,苏
732,战
733,饭
734,掩
735,隙
736,烁
737,芽
738,疲
739,心
740,施
741,泰
742,踪
743,搀
744,九
745,拿
746,颂
747,风
748,溃
749,缺
750,劣
751,歇
752,茎
753,晋
754,不
755,弯
756,列
757,珍
758,迟
759,首
760,洁
761,隆
762,狮
763,眶
764,泛
765,贯
766,充
767,草
768,变
769,裳
770,侣
771,偶
772,迅
773,蒂
774,按
775,悉
776,框
777,江
778,桌
779,顶
780,处
781,墅
782,名
783,而
784,率
785,企
786,逢
787,信
788,剧
789,孤
790,验
791,申
792,委
793,化
794,闪
795,蝶
796,粗
797,未
798,证
799,移
800,砍
801,驾
802,为
803,观
804,入
805,情
806,换
807,厅
808,性
809,航
810,偷
811,党
812,顿
813,秒
814,鞋
815,谤
816,陋
817,逗
818,泪
819,池
820,狱
821,蹋
822,纳
823,矛
824,舟
825,饺
826,5
827,婚
828,膛
829,翘
830,肃
831,悔
832,笼
833,个
834,畔
835,贡
836,伞
837,础
838,帘
839,精
840,厦
841,嘿
842,凶
843,耍
844,轰
845,悼
846,灰
847,俱
848,贪
849,倾
850,球
851,山
852,践
853,斑
854,租
855,年
856,泼
857,族
858,用
859,姿
860,魄
861,滚
862,辛
863,收
864,赌
865,涉
866,搭
867,究
868,丁
869,漂
870,你
871,凉
872,何
873,导
874,张
875,科
876,墓
877,县
878,景
879,驶
880,角
881,怎
882,届
883,旺
884,或
885,女
886,武
887,版
888,林
889,刚
890,遣
891,倘
892,涮
893,少
894,勃
895,搓
896,腐
897,蜡
898,逐
899,慎
900,恭
901,寞
902,嫌
903,梳
904,买
905,止
906,乞
907,捎
908,使
909,辽
910,放
911,胁
912,时
913,纸
914,噪
915,嫂
916,铸
917,尺
918,颜
919,卑
920,谨
921,滞
922,姐
923,挪
924,稻
925,凡
926,缀
927,善
928,稼
929,寄
930,梦
931,涵
932,谱
933,盟
934,刀
935,泣
936,钢
937,亮
938,稀
939,倍
940,将
941,制
942,谍
943,来
944,帐
945,劈
946,芒
947,饥
948,漫
949,前
950,溉
951,平
952,剔
953,跌
954,矩
955,筒
956,份
957,电
958,诸
959,他
960,钥
961,票
962,抹
963,衍
964,腾
965,室
966,千
967,朵
968,纬
969,梢
970,催
971,桑
972,拘
973,浓
974,斩
975,底
976,住
977,拄
978,阶
979,勉
980,郁
981,漏
982,晴
983,升
984,喊
985,办
986,碎
987,卧
988,成
989,耻
990,还
991,呼
992,音
993,超
994,税
995,斟
996,取
997,惠
998,猪
999,咋
1000,闻
1001,酬
1002,策
1003,抛
1004,幼
1005,腔
1006,协
1007,绝
1008,暖
1009,组
1010,抒
1011,解
1012,希
1013,扮
1014,效
1015,扔
1016,夕
1017,劲
1018,盈
1019,吨
1020,备
1021,烘
1022,话
1023,晕
1024,询
1025,担
1026,轻
1027,饲
1028,稿
1029,陡
1030,添
1031,鲜
1032,酝
1033,哑
1034,旗
1035,纤
1036,却
1037,整
1038,到
1039,诚
1040,拣
1041,瞄
1042,诈
1043,藏
1044,逃
1045,肺
1046,抑
1047,关
1048,它
1049,艇
1050,客
1051,把
1052,虏
1053,唉
1054,标
1055,谈
1056,颁
1057,栏
1058,舅
1059,服
1060,疼
1061,位
1062,句
1063,引
1064,码
1065,勇
1066,沉
1067,欺
1068,点
1069,介
1070,拒
1071,参
1072,绿
1073,酱
1074,耳
1075,吸
1076,彩
1077,汇
1078,昆
1079,退
1080,立
1081,侵
1082,拟
1083,走
1084,聘
1085,馋
1086,旷
1087,送
1088,幕
1089,亭
1090,涂
1091,沮
1092,秘
1093,寺
1094,昔
1095,割
1096,蒸
1097,量
1098,幸
1099,罚
1100,擦
1101,佣
1102,境
1103,置
1104,币
1105,胸
1106,粮
1107,示
1108,听
1109,旋
1110,匆
1111,狡
1112,创
1113,崭
1114,动
1115,美
1116,奔
1117,马
1118,挚
1119,已
1120,宜
1121,幻
1122,洞
1123,远
1124,者
1125,吩
1126,牧
1127,妹
1128,苗
1129,洽
1130,劳
1131,滤
1132,上
1133,磨
1134,仍
1135,挡
1136,倔
1137,崖
1138,急
1139,润
1140,玻
1141,杠
1142,剂
1143,狗
1144,乌
1145,窄
1146,愤
1147,金
1148,缠
1149,耗
1150,扑
1151,赋
1152,面
1153,向
1154,喷
1155,屿
1156,护
1157,朗
1158,往
1159,枯
1160,糊
1161,项
1162,膀
1163,对
1164,读
1165,家
1166,辩
1167,执
1168,烧
1169,邻
1170,疯
1171,糕
1172,猴
1173,顺
1174,低
1175,稳
1176,甩
1177,延
1178,爆
1179,勾
1180,休
1181,跟
1182,香
1183,橡
1184,万
1185,黑
1186,异
1187,捏
1188,猾
1189,夹
1190,园
1191,大
1192,象
1193,诽
1194,丰
1195,奉
1196,识
1197,初
1198,悬
1199,满
1200,捕
1201,近
1202,栽
1203,醋
1204,枉
1205,骚
1206,月
1207,灯
1208,恐
1209,岩
1210,递
1211,夏
1212,杜
1213,身
1214,些
1215,凝
1216,禽
1217,挤
1218,色
1219,怪
1220,璃
1221,射
1222,尔
1223,潇
1224,语
1225,建
1226,越
1227,纠
1228,泉
1229,懒
1230,疫
1231,伪
1232,吗
1233,碗
1234,束
1235,堂
1236,遭
1237,绘
1238,什
1239,尊
1240,挨
1241,售
1242,蓄
1243,愚
1244,慧
1245,拙
1246,仙
1247,专
1248,画
1249,抬
1250,危
1251,柴
1252,唤
1253,妨
1254,青
1255,气
1256,页
1257,膊
1258,吐
1259,忽
1260,逊
1261,仰
1262,殊
1263,雅
1264,付
1265,被
1266,挑
1267,迄
1268,帽
1269,咨
1270,滋
1271,口
1272,嘴
1273,统
1274,销
1275,烛
1276,人
1277,拳
1278,诗
1279,会
1280,采
1281,韧
1282,啬
1283,法
1284,逆
1285,志
1286,姓
1287,绪
1288,己
1289,险
1290,聚
1291,士
1292,我
1293,侨
1294,架
1295,肥
1296,殖
1297,干
1298,号
1299,岗
1300,肪
1301,光
1302,享
1303,胖
1304,末
1305,白
1306,隐
1307,掌
1308,裤
1309,宏
1310,谢
1311,怨
1312,宙
1313,熊
1314,键
1315,兄
1316,病
1317,乘
1318,保
1319,戚
1320,郑
1321,波
1322,颈
1323,真
1324,均
1325,户
1326,醉
1327,努
1328,治
1329,绑
1330,勤
1331,控
1332,阵
1333,铺
1334,益
1335,扎
1336,违
1337,冒
1338,削
1339,谷
1340,盐
1341,…
1342,岛
1343,钦
1344,俭
1345,屉
1346,缴
1347,孩
1348,渣
1349,陆
1350,缉
1351,鱼
1352,阻
1353,馅
1354,华
1355,沸
1356,雨
1357,展
1358,慰
1359,赤
1360,敷
1361,伶
1362,挫
1363,则
1364,瞎
1365,艘
1366,爽
1367,晨
1368,没
1369,俘
1370,抚
1371,哪
1372,坠
1373,拉
1374,涩
1375,姆
1376,筷
1377,套
1378,学
1379,媳
1380,叮
1381,宵
1382,减
1383,菜
1384,薄
1385,因
1386,幢
1387,倒
1388,传
1389,承
1390,带
1391,溜
1392,删
1393,剑
1394,洗
1395,讥
1396,凸
1397,敞
1398,瓣
1399,裂
1400,遍
1401,棕
1402,呈
1403,离
1404,荒
1405,燥
1406,授
1407,坟
1408,汰
1409,件
1410,歹
1411,歪
1412,滨
1413,鬼
1414,拌
1415,激
1416,稠
1417,感
1418,踏
1419,纲
1420,俩
1421,较
1422,徘
1423,谜
1424,挣
1425,触
1426,丙
1427,银
1428,蜜
1429,工
1430,其
1431,盖
1432,篷
1433,双
1434,内
1435,村
1436,响
1437,述
1438,哆
1439,着
1440,界
1441,朽
1442,蛇
1443,沟
1444,从
1445,挎
1446,几
1447,驻
1448,才
1449,缘
1450,扯
1451,蹬
1452,命
1453,艳
1454,镇
1455,循
1456,饶
1457,这
1458,需
1459,峰
1460,醒
1461,筹
1462,耕
1463,老
1464,技
1465,管
1466,且
1467,胀
1468,省
1469,警
1470,骗
1471,躺
1472,咬
1473,舔
1474,区
1475,厂
1476,尘
1477,英
1478,汉
1479,裙
1480,应
1481,弹
1482,川
1483,牵
1484,仁
1485,寒
1486,齿
1487,莫
1488,编
1489,锦
1490,沛
1491,兴
1492,渠
1493,鸭
1494,背
1495,嚏
1496,健
1497,窗
1498,给
1499,友
1500,乓
1501,座
1502,吁
1503,反
1504,逮
1505,院
1506,鉴
1507,碳
1508,枪
1509,券
1510,挥
1511,惑
1512,祝
1513,王
1514,铁
1515,茶
1516,念
1517,推
1518,埋
1519,刊
1520,占
1521,归
1522,断
1523,比
1524,锻
1525,恕
1526,弦
1527,坑
1528,废
1529,悲
1530,司
1531,脆
1532,署
1533,维
1534,五
1535,单
1536,权
1537,撞
1538,啥
1539,肢
1540,磕
1541,柿
1542,避
1543,豪
1544,镶
1545,旱
1546,拼
1547,憋
1548,携
1549,脑
1550,麻
1551,绳
1552,蚂
1553,恋
1554,煤
1555,菌
1556,吓
1557,渔
1558,新
1559,献
1560,沃
1561,实
1562,蕴
1563,阴
1564,短
1565,胶
1566,驰
1567,惧
1568,符
1569,搂
1570,淡
1571,佩
1572,巾
1573,良
1574,错
1575,悦
1576,普
1577,馒
1578,农
1579,宰
1580,代
1581,渐
1582,肌
1583,势
1584,皮
1585,赏
1586,苹
1587,昼
1588,咖
1589,呆
1590,皂
1591,铜
1592,轮
1593,台
1594,夜
1595,椎
1596,觅
1597,房
1598,举
1599,击
1600,惊
1601,典
1602,拆
1603,阔
1604,荣
1605,塞
1606,睹
1607,酸
1608,麦
1609,木
1610,浮
1611,淹
1612,兽
1613,赖
1614,瓜
1615,败
1616,啦
1617,墟
1618,汁
1619,萌
1620,挺
1621,土
1622,雹
1623,练
1624,涨
1625,坦
1626,龄
1627,盯
1628,癌
1629,严
1630,岳
1631,馆
1632,慷
1633,六
1634,犹
1635,肩
1636,灵
1637,四
1638,暑
1639,酿
1640,抗
1641,匀
1642,交
1643,侦
1644,春
1645,稚
1646,广
1647,本
1648,斜
1649,遏
1650,譬
1651,峭
1652,鸦
1653,弄
1654,拔
1655,研
1656,居
1657,误
1658,叹
1659,翻
1660,孝
1661,先
1662,搅
1663,哭
1664,勺
1665,畜
1666,蝴
1667,生
1668,汗
1669,批
1670,抓
1671,部
1672,婪
1673,狠
1674,诬
1675,酒
1676,滴
1677,辣
1678,侧
1679,傲
1680,镜
1681,溅
1682,逛
1683,膨
1684,彻
1685,庙
1686,汽
1687,扫
1688,吞
1689,横
1690,泥
1691,吻
1692,焦
1693,影
1694,停
1695,泌
1696,恢
1697,虑
1698,购
1699,功
1700,脖
1701,行
1702,适
1703,宽
1704,浏
1705,瞬
1706,浸
1707,湾
1708,一
1709,艺
1710,允
1711,以
1712,爷
1713,迈
1714,揉
1715,高
1716,瞧
1717,扒
1718,环
1719,叫
1720,脂
1721,晾
1722,接
1723,敬
1724,坚
1725,额
1726,援
1727,症
1728,骄
1729,吵
1730,惭
1731,指
1732,肴
1733,叨
1734,养
1735,仗
1736,域
1737,鸡
1738,凌
1739,殿
1740,庞
1741,训
1742,吧
1743,斗
1744,器
1745,篮
1746,息
1747,欲
1748,庆
1749,慌
1750,睬
1751,奈
1752,驳
1753,港
1754,作
1755,驱
1756,弱
1757,游
1758,愣
1759,诧
1760,圣
1761,期
1762,赛
1763,阿
1764,朴
1765,世
1766,寻
1767,和
1768,品
1769,魅
1770,投
1771,洋
1772,礼
1773,瞪
1774,诵
1775,启
1776,址
1777,程
1778,乙
1779,嘉
1780,站
1781,慢
1782,由
1783,搏
1784,模
1785,呕
1786,徙
1787,灿
1788,霜
1789,妆
1790,档
1791,羞
1792,锋
1793,奶
1794,佳
1795,貌
1796,叉
1797,章
1798,傍
1799,扛
1800,写
1801,捣
1802,淋
1803,鸣
1804,论
1805,眉
1806,田
1807,事
1808,净
1809,序
1810,表
1811,中
1812,当
1813,孔
1814,祥
1815,出
1816,脸
1817,浊
1818,母
1819,累
1820,姥
1821,输
1822,脏
1823,窍
1824,注
1825,浅
1826,讽
1827,隶
1828,撼
1829,旁
1830,磋
1831,捍
1832,夸
1833,洒
1834,姨
1835,松
1836,慕
1837,敏
1838,体
1839,主
1840,剩
1841,讯
1842,糟
1843,悟
1844,榜
1845,聋
1846,圈
1847,露
1848,旧
1849,流
1850,软
1851,湿
1852,够
1853,纷
1854,诺
1855,裕
1856,斤
1857,婴
1858,伐
1859,律
1860,躁
1861,伟
1862,股
1863,沿
1864,潮
1865,知
1866,深
1867,紧
1868,蛮
1869,甲
1870,弃
1871,瓷
1872,淀
1873,皆
1874,温
1875,砖
1876,糙
1877,炊
1878,筋
1879,撒
1880,签
1881,蕉
1882,李
1883,荐
1884,陶
1885,暧
1886,竭
1887,巨
1888,皱
1889,闹
1890,羽
1891,熨
1892,师
1893,馈
1894,贷
1895,穷
1896,憾
1897,贴
1898,娃
1899,捆
1900,纹
1901,具
1902,配
1903,孕
1904,聊
1905,秋
1906,塔
1907,若
1908,星
1909,踢
1910,哼
1911,播
1912,著
1913,捷
1914,除
1915,圾
1916,快
1917,炮
1918,戒
1919,贺
1920,秩
1921,资
1922,天
1923,试
1924,野
1925,毯
1926,液
1927,篇
1928,娘
1929,钝
1930,揭
1931,鞭
1932,炫
1933,炉
1934,粘
1935,队
1936,摩
1937,设
1938,吝
1939,伤
1940,垄
1941,河
1942,啊
1943,箱
1944,吉
1945,虽
1946,诫
1947,虎
1948,闯
1949,质
1950,涕
1951,卓
1952,滑
1953,好
1954,随
1955,微
1956,咀
1957,崩
1958,烦
1959,装
1960,视
1961,假
1962,既
1963,兜
1964,织
1965,塌
1966,滔
1967,冲
1968,么
1969,种
1970,混
1971,扩
1972,锐
1973,致
1974,火
1975,望
1976,晒
1977,故
1978,元
1979,僵
1980,笨
1981,晚
1982,告
1983,库
1984,垫
1985,门
1986,欠
1987,虐
1988,争
1989,厢
1990,妇
1991,招
1992,拾
1993,壤
1994,踩
1995,筑
1996,焰
1997,翔
1998,漆
1999,获
2000,枚
2001,臣
2002,独
2003,捞
2004,料
2005,冻
2006,障
2007,罢
2008,煮
2009,北
2010,冬
2011,塘
2012,灭
2013,许
2014,合
2015,啰
2016,哀
2017,弥
2018,饪
2019,梁
2020,摔
2021,自
2022,猛
2023,见
2024,预
2025,石
2026,探
2027,黎
2028,侠
2029,裔
2030,眯
2031,那
2032,椭
2033,辫
2034,拽
2035,嘛
2036,局
2037,搜
2038,扭
2039,们
2040,但
2041,畏
2042,卷
2043,父
2044,雇
2045,辙
2046,咐
2047,攒
2048,增
2049,惫
2050,清
2051,膏
2052,头
2053,奋
2054,烈
2055,范
2056,胎
2057,共
2058,默
2059,繁
2060,想
2061,盗
2062,形
2063,奢
2064,耀
2065,书
2066,鲁
2067,征
2068,根
2069,鼠
2070,有
2071,扁
2072,船
2073,摸
2074,辉
2075,格
2076,啡
2077,雪
2078,籍
2079,构
2080,谣
2081,趣
2082,洲
2083,怠
2084,躲
2085,惋
2086,级
2087,克
2088,巩
2089,块
2090,床
2091,密
2092,侮
2093,烹
2094,宗
2095,毛
2096,钩
2097,盾
2098,节
2099,限
2100,红
2101,例
2102,含
2103,庸
2104,足
2105,唠
2106,彰
2107,绎
2108,亦
2109,切
2110,唾
2111,判
2112,诱
2113,岸
2114,店
2115,粉
2116,敌
2117,咙
2118,袭
2119,椅
2120,网
2121,鸟
2122,确
2123,寸
2124,登
2125,侃
2126,医
2127,的
2128,怖
2129,拦
2130,昂
2131,半
2132,紊
2133,脱
2134,刺
2135,颇
2136,京
2137,塑
2138,蹲
2139,子
2140,鼻
2141,娱
2142,朝
2143,督
2144,阂
2145,选
2146,拓
2147,辈
2148,总
2149,突
2150,经
2151,规
2152,押
2153,喘
2154,燃
2155,食
2156,括
2157,荤
2158,廉
2159,劫
2160,蔑
2161,盒
2162,况
2163,污
2164,毁
2165,答
2166,袖
2167,墙
2168,颤
2169,弊
2170,亏
2171,棵
2172,左
2173,滩
2174,持
2175,纪
2176,怀
2177,男
2178,疤
2179,峡
2180,毒
2181,霉
2182,廊
2183,蹦
2184,夺
2185,蔚
2186,窝
2187,霸
2188,罐
2189,丝
2190,察
2191,赠
2192,仅
2193,仿
2194,痪
2195,熏
2196,珠
2197,喂
2198,晓
2199,吃
2200,怕
2201,运
2202,油
2203,狈
2204,陷
2205,厕
2206,荡
2207,桥
2208,渡
2209,蓝
2210,忧
2211,啃
2212,壮
2213,细
2214,饿
2215,瓦
2216,柱
2217,爬
2218,壶
2219,唱
2220,赚
2221,各
2222,修
2223,碰
2224,舱
2225,职
2226,鞠
2227,窃
2228,海
2229,育
2230,渴
2231,衰
2232,操
2233,索
2234,迸
2235,味
2236,魔
2237,防
2238,瀑
2239,卖
2240,目
2241,狭
2242,找
2243,睡
2244,烂
2245,要
2246,辅
2247,陵
2248,外
2249,堡
2250,株
2251,辐
2252,路
2253,康
2254,掘
2255,哨
2256,爱
2257,剪
2258,舞
2259,暂
2260,腻
2261,饰
2262,蔼
2263,虹
2264,励
2265,估
2266,遮
2267,犯
2268,掏
2269,官
2270,竟
2271,臭
2272,哲
2273,耐
2274,巷
2275,哗
2276,否
2277,罪
2278,幅
2279,破
2280,历
2281,嚼
2282,百
2283,任
2284,积
2285,殃
2286,如
2287,辞
2288,恩
2289,府
2290,诞
2291,迹
2292,犬
2293,缓
2294,进
2295,甭
2296,甚
2297,晤
2298,畴
2299,邮
2300,庄
2301,啸
2302,宠
2303,度
2304,氛
2305,侥
2306,捧
2307,重
2308,堆
2309,谅
2310,城
2311,媒
2312,杆
2313,旅
2314,补
2315,劝
2316,散
2317,攻
2318,助
2319,祸
2320,痒
2321,牙
2322,盆
2323,罕
2324,并
2325,踊
2326,圆
2327,撑
2328,留
2329,兵
2330,萄
2331,求
2332,状
2333,贩
2334,奏
2335,炎
2336,贿
2337,钞
2338,摄
2339,分
2340,蕾
2341,脾
2342,晃
2343,呢
2344,亲
2345,尬
2346,徒
2347,甜
2348,瘩
2349,肖
2350,茫
2351,跑
2352,衅
2353,谓
2354,提
2355,场
2356,计
2357,丸
2358,杖
2359,定
2360,印
2361,译
2362,秤
2363,磅
2364,洪
2365,粥
2366,态
2367,竖
2368,贵
2369,得
2370,只
2371,恶
2372,让
2373,嗦
2374,胜
2375,骑
2376,亿
2377,壁
2378,堪
2379,疏
2380,伙
2381,刷
2382,捉
2383,仓
2384,至
2385,陪
2386,零
2387,素
2388,佛
2389,哄
2390,蒙
2391,教
2392,衷
2393,逻
2394,榨
2395,喝
2396,支
2397,堵
2398,阅
2399,坛
2400,勘
2401,倦
2402,加
2403,核
2404,睦
2405,烟
2406,妄
2407,数
2408,军
2409,喜
2410,赢
2411,账
2412,狂
2413,漠
2414,誓
2415,机
2416,顾
2417,然
2418,雌
2419,恼
2420,炼
2421,回
2422,咸
2423,耸
2424,氓
2425,趴
2426,言
2427,绍
2428,挖
2429,哎
2430,垂
2431,井
2432,汤
2433,昨
2434,肆
2435,仔
2436,早
2437,谬
2438,君
2439,渗
2440,沫
2441,员
2442,豆
2443,咱
2444,藐
2445,桨
2446,史
2447,脉
2448,桔
2449,线
2450,夫
2451,衣
2452,安
2453,惩
2454,炒
2455,孙
2456,淘
2457,此
2458,最
2459,擎
2460,令
2461,简
2462,炸
2463,政
2464,惦
2465,又
2466,胃
2467,瘸
2468,辕
2469,款
2470,飞
2471,锅
2472,浴
2473,粒
2474,牌
2475,互
2476,插
2477,仇
2478,车
2479,嘲
2480,候
2481,材
2482,固
2483,某
2484,纵
2485,恒
2486,沐
2487,湖
2488,乡
2489,距
2490,请
2491,掉
2492,屡
2493,烤
2494,邀
2495,僻
2496,胆
2497,基
2498,供
2499,惨
2500,奥
2501,须
2502,卸
2503,壳
2504,奴
2505,智
2506,商
2507,濒
2508,玩
2509,乳
2510,硕
2511,考
2512,髦
2513,叼
2514,疙
2515,泽
2516,闭
2517,拍
2518,摘
2519,雕
2520,餐
2521,蜂
2522,显
2523,肠
2524,称
2525,慨
2526,陌
2527,调
2528,讼
2529,忍
2530,借
2531,公
2532,丈
2533,曝
2534,惹
2535,通
2536,胳
2537,降
2538,季
2539,便
2540,兔
2541,同
2542,巧
2543,肤
2544,娇
2545,皇
2546,刑
2547,毅
2548,氏
2549,腥
2550,酗
2551,迫
2552,尽
2553,秀
2554,宴
2555,隘
2556,决
2557,伏
2558,水
2559,访
2560,懂
2561,趟
2562,牲
2563,谴
2564,寿
2565,尝
2566,嘱
2567,痹
2568,牺
2569,棋
2570,可
2571,都
2572,两
2573,毕
2574,及
2575,搬
2576,峻
2577,概
2578,腹
2579,思
2580,次
2581,该
2582,摊
2583,钟
2584,烫
2585,俗
2586,堕
2587,丛
2588,业
2589,惮
2590,屈
2591,泳
2592,亚
2593,患
2594,落
2595,源
2596,辰
2597,纺
2598,枕
2599,午
2600,震
2601,谊
2602,灾
2603,折
2604,帆
2605,尖
2606,旨
2607,宿
2608,握
2609,杂
2610,术
2611,派
2612,即
2613,花
2614,乖
2615,富
2616,拜
2617,托
2618,捐
2619,闷
2620,暴
2621,嗅
2622,明
2623,剖
2624,歌
2625,杰
2626,箭
2627,跳
2628,团
2629,测
2630,抱
2631,拧
2632,嚷
2633,筐
2634,碍
2635,促
2636,叛
2637,欧
2638,厚
2639,钱
2640,竞
2641,直
2642,过
2643,布
2644,扇
2645,览
2646,歧
2647,溪
2648,忠
2649,久
2650,负
2651,逝
2652,速
2653,刻
2654,赔
2655,审
2656,文
2657,葬
2658,层
2659,复
2660,追
2661,叶
2662,恍
2663,棒
2664,趁
